,virus,ID,accession,country,city,date
3,EBOV,20140008,KR653251,SLE,Kenema,2014-08-22
4,EBOV,20140024,KR653252,SLE,PortLoko,2014-08-20
5,EBOV,20140038,KR653267,SLE,Tonkolili,2014-08-23
6,EBOV,20140091,KR653239,SLE,WesternRural,2014-08-22
7,EBOV,20140100,KR653241,SLE,Pujehun,2014-08-24
8,EBOV,20140134,KR653227,SLE,Bombali,2014-08-26
9,EBOV,20140161,KR653265,SLE,Kailahun,2014-08-27
10,EBOV,20140174,KR653294,SLE,WesternUrban,2014-08-27
11,EBOV,20140254,KR653296,SLE,Bo,2014-08-29
12,EBOV,201403007,KP178538,LBR,?,2014-08-03
13,EBOV,20140395,KR653279,SLE,Kono,2014-09-02
14,EBOV,20140433,KR653246,SLE,Tonkolili,2014-09-03
15,EBOV,20140436,KR653287,SLE,Moyamba,2014-09-03
16,EBOV,20140489,KR653235,SLE,Kenema,2014-09-04
17,EBOV,20140517,KR653263,SLE,Kailahun,2014-09-05
18,EBOV,20140590,KR653278,SLE,Kenema,2014-09-07
19,EBOV,20140729,KR653286,SLE,Bo,2014-09-10
20,EBOV,20140872,KR653297,SLE,WesternUrban,2014-09-15
21,EBOV,20140910,KR653269,SLE,Kenema,2014-09-18
22,EBOV,20140933,KR653280,SLE,Moyamba,2014-09-16
23,EBOV,20141012,KR653244,SLE,Pujehun,2014-09-21
24,EBOV,20141043,KR653305,SLE,Moyamba,2014-09-21
25,EBOV,20141061,KR653250,SLE,Moyamba,2014-09-21
26,EBOV,20141123,KR653291,SLE,Bo,2014-09-22
27,EBOV,20141227,KR653303,SLE,Bo,2014-09-26
28,EBOV,20141232,KR653266,SLE,Tonkolili,2014-09-25
29,EBOV,20141241,KR653300,SLE,PortLoko,2014-09-24
30,EBOV,20141271,KR653261,SLE,PortLoko,2014-09-24
31,EBOV,20141280,KR653276,SLE,Kambia,2014-09-23
32,EBOV,20141282,KR653229,SLE,Kambia,2014-09-23
33,EBOV,20141288,KR653232,SLE,PortLoko,2014-09-23
34,EBOV,20141352,KR653284,SLE,Kambia,2014-09-26
35,EBOV,20141397,KR653288,SLE,Moyamba,2014-09-28
36,EBOV,20141429,KR653260,SLE,Kono,2014-09-28
37,EBOV,20141491,KR653289,SLE,Kambia,2014-10-01
38,EBOV,20141497,KR653273,SLE,Bombali,2014-10-01
39,EBOV,20141582,KR653230,SLE,Bo,2014-10-04
40,EBOV,20141643,KR653233,SLE,Pujehun,2014-10-04
41,EBOV,20141650,KR653225,SLE,Kenema,2014-10-05
42,EBOV,20141960,KR653283,SLE,Tonkolili,2014-10-09
43,EBOV,20141997,KR653293,SLE,Kono,2014-10-10
44,EBOV,20142065,KR653274,SLE,Kenema,2014-10-11
45,EBOV,20142127,KR653234,SLE,Bombali,2014-10-12
46,EBOV,20142260,KR653262,SLE,Bombali,2014-10-14
47,EBOV,20142407,KR653249,SLE,Tonkolili,2014-10-16
48,EBOV,20142417,KR653254,SLE,Bo,2014-10-19
49,EBOV,20142477,KR653255,SLE,Moyamba,2014-10-19
50,EBOV,20142551,KR653226,SLE,Koinadugu,2014-10-23
51,EBOV,20142843,KR653301,SLE,Bombali,2014-10-23
52,EBOV,20142856,KR653302,SLE,Tonkolili,2014-10-24
53,EBOV,20142895,KR653268,SLE,Koinadugu,2014-10-24
54,EBOV,20143018,KR653272,SLE,WesternUrban,2014-10-26
55,EBOV,20143031,KR653275,SLE,WesternUrban,2014-10-25
56,EBOV,20143036,KR653285,SLE,PortLoko,2014-10-24
57,EBOV,20143107,KR653247,SLE,Bombali,2014-10-25
58,EBOV,20143164,KR653277,SLE,Kenema,2014-10-27
59,EBOV,20143187,KR653298,SLE,Pujehun,2014-10-28
60,EBOV,20143317,KR653282,SLE,Bombali,2014-10-29
61,EBOV,20143360,KR653258,SLE,Kenema,2014-10-30
62,EBOV,20143415,KR653248,SLE,WesternRural,2014-10-31
63,EBOV,20143458,KR653245,SLE,Tonkolili,2014-11-01
64,EBOV,20143466,KR653304,SLE,Kenema,2014-11-01
65,EBOV,20143550,KR653228,SLE,Bombali,2014-11-01
66,EBOV,20143648,KR653253,SLE,Koinadugu,2014-11-03
67,EBOV,20143659,KR653256,SLE,Koinadugu,2014-11-03
68,EBOV,20143716,KR653292,SLE,Moyamba,2014-11-04
69,EBOV,20143753,KR653236,SLE,Tonkolili,2014-11-05
70,EBOV,20143796,KR653257,SLE,Moyamba,2014-11-05
71,EBOV,20143918,KR653240,SLE,WesternRural,2014-11-06
72,EBOV,20143938,KR653264,SLE,Koinadugu,2014-11-07
73,EBOV,20143964,KR653242,SLE,Bo,2014-11-07
74,EBOV,20144192,KR653238,SLE,Bombali,2014-11-08
75,EBOV,20144521,KR653271,SLE,Kono,2014-11-12
76,EBOV,20144610,KR653270,SLE,Tonkolili,2014-11-12
77,EBOV,20144819,KR653299,SLE,Moyamba,2014-11-15
78,EBOV,20144820,KR653243,SLE,Moyamba,2014-11-15
79,EBOV,20144837,KR653259,SLE,Bombali,2014-11-14
80,EBOV,20144865,KR653231,SLE,PortLoko,2014-11-13
81,EBOV,20145835,KR653295,SLE,Tonkolili,2014-11-25
82,EBOV,20145853,KR653290,SLE,Pujehun,2014-11-26
83,EBOV,20146001,KR653237,SLE,Kono,2014-11-24
84,EBOV,20146553,KR653224,SLE,Koinadugu,2014-12-22
85,EBOV,20146578,KR653281,SLE,Koinadugu,2014-12-26
86,EBOV,Makona-201403147,KP240931,SLE,?,2014-09-13
87,EBOV,Makona-201403261,KP240932,LBR,?,2014-09-26
88,EBOV,Makona-GE1,KP728283,SLE,WesternArea,2014-11-21
264,EBOV,EM_000015,KR817067,GIN,Macenta,2014-09-01
265,EBOV,EM_000027,KR817068,GIN,?,2014-09-01
266,EBOV,EM_000028,KR817069,GIN,Macenta,2014-09-01
267,EBOV,EM_000127,KR817070,GIN,Gueckedou,2014-09-04
268,EBOV,EM_000128,KR817071,GIN,Gueckedou,2014-09-04
269,EBOV,EM_000218,KR817072,GIN,Macenta,2014-09-07
270,EBOV,EM_000219,KR817073,GIN,Macenta,2014-09-07
271,EBOV,EM_000321,KR817074,GIN,Macenta,2014-09-09
272,EBOV,EM_000457,KR817075,GIN,Macenta,2014-09-12
273,EBOV,EM_000500,KR817076,GIN,Macenta,2014-09-13
274,EBOV,EM_000501,KR817077,GIN,Macenta,2014-09-13
275,EBOV,EM_000502,KR817078,GIN,Macenta,2014-09-13
276,EBOV,EM_000706,KR817079,GIN,Nzerekore,2014-09-21
277,EBOV,EM_000707,KR817080,GIN,Gueckedou,2014-09-22
278,EBOV,EM_000921,KR817081,GIN,Macenta,2014-09-29
279,EBOV,EM_000925,KR817082,GIN,Macenta,2014-09-29
280,EBOV,EM_000934,KR817083,GIN,Gueckedou,2014-09-29
281,EBOV,EM_000958,KR817084,GIN,Nzerekore,2014-09-30
282,EBOV,EM_000968,KR817085,GIN,Macenta,2014-10-01
283,EBOV,EM_000982,KR817086,GIN,Macenta,2014-10-01
284,EBOV,EM_000983,KR817087,GIN,Macenta,2014-10-01
285,EBOV,EM_001101,KR817088,GIN,Macenta,2014-10-05
286,EBOV,EM_001102,KR817089,GIN,Lola,2014-10-05
287,EBOV,EM_004059,KR817090,GIN,Kissidougou,2014-12-20
288,EBOV,EM_004085,KR817091,GIN,Kissidougou,2014-12-19
289,EBOV,EM_004192,KR817092,GIN,Faranah,2014-12-22
290,EBOV,EM_004201,KR817093,GIN,Kissidougou,2014-12-24
291,EBOV,EM_004259,KR817094,GIN,Kissidougou,2014-12-26
292,EBOV,EM_004290,KR817095,GIN,Kissidougou,2014-12-27
304,EBOV,EM_074335,KR817107,?,?,2014-07-18
305,EBOV,EM_074349,KR817108,LBR,Lofa,2014-07-22
306,EBOV,EM_074350,KR817109,LBR,Lofa,2014-07-22
307,EBOV,EM_074351,KR817110,LBR,Lofa,2014-07-22
308,EBOV,EM_074352,KR817111,LBR,Lofa,2014-07-22
309,EBOV,EM_074353,KR817112,LBR,Lofa,2014-07-22
310,EBOV,EM_074354,KR817113,GIN,Gueckedou,2014-07-22
311,EBOV,EM_074391,KR817114,LBR,Lofa,2014-07-26
312,EBOV,EM_074392,KR817115,LBR,?,2014-07-25
313,EBOV,EM_074436,KR817116,GIN,Nzerekore,2014-08-01
314,EBOV,EM_074437,KR817117,GIN,Nzerekore,2014-08-01
315,EBOV,EM_074438,KR817118,GIN,Nzerekore,2014-08-01
316,EBOV,EM_074439,KR817119,GIN,Nzerekore,2014-08-01
317,EBOV,EM_074461,KR817120,GIN,Gueckedou,2014-08-04
318,EBOV,EM_074462,KR817121,?,?,2014-08-04
319,EBOV,EM_074531,KR817122,GIN,Gueckedou,2014-08-08
320,EBOV,EM_074548,KR817123,LBR,Lofa,2014-08-08
321,EBOV,EM_074684,KR817124,GIN,Macenta,2014-08-14
322,EBOV,EM_074720,KR817125,LBR,Lofa,2014-08-14
323,EBOV,EM_074785,KR817126,GIN,Macenta,2014-08-16
324,EBOV,EM_074821,KR817127,LBR,Lofa,2014-08-17
325,EBOV,EM_074822,KR817128,LBR,Lofa,2014-08-17
326,EBOV,EM_075043,KR817129,LBR,Lofa,2014-08-22
327,EBOV,EM_075076,KR817130,GIN,Gueckedou,2014-08-23
328,EBOV,EM_075368,KR817131,GIN,Macenta,2014-08-29
329,EBOV,EM_075373,KR817132,GIN,Macenta,2014-08-30
330,EBOV,EM_075435,KR817133,GIN,Kerouane,2014-08-30
331,EBOV,EM_075447,KR817134,GIN,Macenta,2014-08-31
332,EBOV,EM_075928,KR817135,GIN,Beyla,2014-10-10
333,EBOV,EM_075929,KR817136,GIN,Beyla,2014-10-10
334,EBOV,EM_075930,KR817137,GIN,Beyla,2014-10-10
335,EBOV,EM_075931,KR817138,GIN,Beyla,2014-10-10
336,EBOV,EM_075932,KR817139,GIN,Macenta,2014-10-10
337,EBOV,EM_076138,KR817140,GIN,Gueckedou,2014-10-17
338,EBOV,EM_076191,KR817141,GIN,Macenta,2014-10-18
339,EBOV,EM_076192,KR817142,GIN,Macenta,2014-10-18
340,EBOV,EM_076193,KR817143,GIN,Nzerekore,2014-10-18
341,EBOV,EM_076217,KR817144,GIN,Macenta,2014-10-19
342,EBOV,EM_076322,KR817145,GIN,Macenta,2014-10-22
343,EBOV,EM_076334,KR817146,GIN,Kerouane,2014-10-23
344,EBOV,EM_076335,KR817147,GIN,Kerouane,2014-10-23
345,EBOV,EM_076383,KR817148,GIN,Kerouane,2014-10-26
346,EBOV,EM_076403,KR817149,GIN,Macenta,2014-10-27
347,EBOV,EM_076472,KR817150,GIN,Macenta,2014-10-29
348,EBOV,EM_076533,KR817151,GIN,Macenta,2014-11-01
349,EBOV,EM_076534,KR817152,GIN,Macenta,2014-11-01
350,EBOV,EM_076610,KR817153,GIN,Nzerekore,2014-11-03
351,EBOV,EM_076615,KR817154,GIN,Macenta,2014-11-03
352,EBOV,EM_076769,KR817155,GIN,Kerouane,2014-11-08
353,EBOV,EM_076770,KR817156,GIN,Kerouane,2014-11-08
354,EBOV,EM_076948,KR817157,GIN,Gueckedou,2014-11-13
355,EBOV,EM_076949,KR817158,GIN,Gueckedou,2014-11-13
356,EBOV,EM_076951,KR817159,GIN,Lola,2014-11-13
357,EBOV,EM_078415,KR817160,GIN,Faranah,2014-11-24
358,EBOV,EM_078416,KR817161,GIN,Faranah,2014-11-24
359,EBOV,EM_078555,KR817162,GIN,Faranah,2014-12-01
360,EBOV,EM_078556,KR817163,GIN,Kankan,2014-12-01
361,EBOV,EM_078608,KR817164,GIN,Macenta,2014-12-04
362,EBOV,EM_078638,KR817165,GIN,Kankan,2014-12-03
363,EBOV,EM_078639,KR817166,GIN,Kankan,2014-12-04
364,EBOV,EM_078654,KR817167,GIN,Macenta,2014-12-09
365,EBOV,EM_078656,KR817168,GIN,Kouroussa,2014-12-09
366,EBOV,EM_078670,KR817169,GIN,Kankan,2014-12-11
367,EBOV,EM_078683,KR817170,GIN,Kerouane,2014-12-11
368,EBOV,EM_078694,KR817171,GIN,Kissidougou,2014-12-14
369,EBOV,EM_078697,KR817172,GIN,Kerouane,2014-12-14
370,EBOV,EM_078706,KR817173,GIN,Kissidougou,2014-12-15
371,EBOV,EM_078709,KR817174,GIN,Kerouane,2014-12-14
372,EBOV,EM_078722,KR817175,GIN,Kissidougou,2014-12-16
373,EBOV,EM_078763,KR817176,GIN,Kissidougou,2014-12-17
374,EBOV,EM_078779,KR817177,GIN,Kissidougou,2014-12-18
375,EBOV,EM_079388,KR817178,GIN,Macenta,2014-07-30
376,EBOV,EM_079404,KR817179,GIN,Gueckedou,2014-03-28
377,EBOV,EM_079405,KR817180,GIN,Gueckedou,2014-03-28
378,EBOV,EM_079408,KR817181,GIN,Gueckedou,2014-03-31
379,EBOV,EM_079410,KR817182,GIN,Gueckedou,2014-03-31
380,EBOV,EM_079412,KR817183,GIN,Gueckedou,2014-03-31
381,EBOV,EM_079413,KR817184,GIN,Gueckedou,2014-03-31
382,EBOV,EM_079414,KR817185,GIN,Gueckedou,2014-03-31
383,EBOV,EM_079421,KR817186,GIN,Macenta,2014-03-30
384,EBOV,EM_079422,KR817187,GIN,Macenta,2014-03-27
385,EBOV,EM_079423,KR817188,GIN,Macenta,2014-03-27
386,EBOV,EM_079424,KR817189,GIN,Macenta,2014-03-27
387,EBOV,EM_079429,KR817190,GIN,Gueckedou,2014-04-02
388,EBOV,EM_079434,KR817191,GIN,Macenta,2014-04-02
389,EBOV,EM_079442,KR817192,GIN,Gueckedou,2014-04-03
390,EBOV,EM_079444,KR817193,GIN,Kissidougou,2014-04-02
391,EBOV,EM_079450,KR817194,LBR,?,2014-04-01
392,EBOV,EM_079464,KR817195,GIN,Macenta,2014-04-04
393,EBOV,EM_079497,KR817196,GIN,Gueckedou,2014-04-07
394,EBOV,EM_079514,KR817197,GIN,Gueckedou,2014-04-10
395,EBOV,EM_079517,KR817198,GIN,Gueckedou,2014-04-11
396,EBOV,EM_079542,KR817199,GIN,Gueckedou,2014-04-12
397,EBOV,EM_079549,KR817200,GIN,Gueckedou,2014-04-13
398,EBOV,EM_079578,KR817201,GIN,Gueckedou,2014-04-18
399,EBOV,EM_079587,KR817202,GIN,Gueckedou,2014-04-22
400,EBOV,EM_079622,KR817203,GIN,Gueckedou,2014-04-28
401,EBOV,EM_079630,KR817204,GIN,Gueckedou,2014-05-01
402,EBOV,EM_079657,KR817205,GIN,Gueckedou,2014-05-07
403,EBOV,EM_079659,KR817206,GIN,Gueckedou,2014-05-07
404,EBOV,EM_079677,KR817207,GIN,Gueckedou,2014-05-10
405,EBOV,EM_079681,KR817208,GIN,Gueckedou,2014-05-11
406,EBOV,EM_079685,KR817209,GIN,Gueckedou,2014-05-11
407,EBOV,EM_079702,KR817210,GIN,Gueckedou,2014-05-14
408,EBOV,EM_079731,KR817211,GIN,Gueckedou,2014-05-18
409,EBOV,EM_079749,KR817212,GIN,Gueckedou,2014-05-21
410,EBOV,EM_079750,KR817213,GIN,Gueckedou,2014-05-21
411,EBOV,EM_079753,KR817214,GIN,Gueckedou,2014-05-22
412,EBOV,EM_079772,KR817215,GIN,Gueckedou,2014-05-24
413,EBOV,EM_079775,KR817216,GIN,Gueckedou,2014-05-24
414,EBOV,EM_079815,KR817217,GIN,Gueckedou,2014-05-28
415,EBOV,EM_079859,KR817218,GIN,Gueckedou,2014-06-01
416,EBOV,EM_079876,KR817219,GIN,Gueckedou,2014-06-05
417,EBOV,EM_079880,KR817220,GIN,Gueckedou,2014-06-05
418,EBOV,EM_079910,KR817221,GIN,Gueckedou,2014-06-09
419,EBOV,EM_079911,KR817222,GIN,Gueckedou,2014-06-09
420,EBOV,EM_079912,KR817223,GIN,Gueckedou,2014-06-09
421,EBOV,EM_079913,KR817224,GIN,Gueckedou,2014-06-09
422,EBOV,EM_079914,KR817225,GIN,Gueckedou,2014-06-10
423,EBOV,EM_079915,KR817226,GIN,Gueckedou,2014-06-10
424,EBOV,EM_079983,KR817227,SLE,Kailahun,2014-06-13
425,EBOV,EM_080003,KR817228,SLE,Kailahun,2014-06-14
426,EBOV,EM_080011,KR817229,SLE,Kailahun,2014-06-15
427,EBOV,EM_080063,KR817230,GIN,Gueckedou,2014-06-20
428,EBOV,EM_080064,KR817231,LBR,Lofa,2014-06-20
429,EBOV,EM_080065,KR817232,LBR,?,2014-06-20
430,EBOV,EM_080066,KR817233,LBR,?,2014-06-20
431,EBOV,EM_080067,KR817234,LBR,?,2014-06-20
432,EBOV,EM_080076,KR817235,GIN,Gueckedou,2014-06-22
433,EBOV,EM_080132,KR817236,SLE,Kailahun,2014-06-24
434,EBOV,EM_080141,KR817237,GIN,Gueckedou,2014-06-25
435,EBOV,EM_080165,KR817238,SLE,Kailahun,2014-06-26
436,EBOV,EM_080193,KR817239,LBR,?,2014-06-29
437,EBOV,EM_080213,KR817240,LBR,?,2014-07-03
438,EBOV,EM_080223,KR817241,LBR,?,2014-07-04
439,EBOV,EM_080253,KR817242,GIN,Gueckedou,2014-07-10
440,EBOV,EM_080261,KR817243,LBR,Lofa,2014-07-12
441,EBOV,EM_080265,KR817244,SLE,Kailahun,2014-07-12
442,EBOV,EM_080269,KR817245,LBR,?,2014-07-12
443,EBOV,Gueckedou-C05,KJ660348,GIN,Gueckedou,2014-03-19
444,EBOV,Gueckedou-C07,KJ660347,GIN,Gueckedou,2014-03-20
445,EBOV,Kissidougou-C15,KJ660346,GIN,Kissidougou,2014-03-17
447,EBOV,Makona-Italy-INMI1,KP701371,SLE,WesternArea,2014-11-25
448,EBOV,1027,KR534577,GIN,Conakry,2014-09-18
449,EBOV,1039,KR534578,GIN,Conakry,2014-09-19
450,EBOV,1043,KR534527,GIN,Conakry,2014-09-19
451,EBOV,1047,KR534528,GIN,Kindia,2014-09-20
452,EBOV,1059,KR534529,GIN,Conakry,2014-09-21
453,EBOV,1063,KR534530,GIN,Coyah,2014-09-21
454,EBOV,1069,KR534531,GIN,Forecariah,2014-09-21
455,EBOV,1081,KR534532,GIN,Conakry,2014-09-22
456,EBOV,1100,,GIN,Conakry,2014-09-23
457,EBOV,1104,KR534533,GIN,Dalaba,2014-09-24
458,EBOV,1105,KR534579,GIN,Conakry,2014-09-24
459,EBOV,1116,KR534534,GIN,Dalaba,2014-09-24
460,EBOV,1120,KR534535,GIN,Conakry,2014-09-25
461,EBOV,1121,KR534536,GIN,Conakry,2014-09-25
462,EBOV,1128,KR534580,GIN,Conakry,2014-09-25
463,EBOV,1129,KR534581,GIN,Conakry,2014-09-25
464,EBOV,1149,KR534582,GIN,Conakry,2014-09-27
465,EBOV,1193,KR534537,GIN,Conakry,2014-09-28
466,EBOV,1205,KR534538,GIN,Conakry,2014-10-02
467,EBOV,1210,KR534539,GIN,Conakry,2014-10-02
468,EBOV,1211,KR534540,GIN,Dalaba,2014-10-02
469,EBOV,1213,KR534583,GIN,Conakry,2014-10-02
470,EBOV,1215,KR534584,GIN,Conakry,2014-10-02
471,EBOV,1249,KR534541,GIN,Conakry,2014-10-04
472,EBOV,1250,KR534585,GIN,Conakry,2014-10-04
473,EBOV,1274,KR534542,GIN,Coyah,2014-10-04
474,EBOV,1277,KR534543,GIN,Coyah,2014-10-04
475,EBOV,1278,KR534544,GIN,Coyah,2014-10-04
476,EBOV,1279,KR534589,GIN,Coyah,2014-10-04
477,EBOV,1283,,GIN,Coyah,2014-10-04
478,EBOV,1298,KR534545,GIN,Conakry,2014-10-06
479,EBOV,1316,KR534546,GIN,Coyah,2014-10-07
480,EBOV,1320,KR534590,GIN,Coyah,2014-10-07
481,EBOV,1321,KR534547,GIN,Coyah,2014-10-07
482,EBOV,1327,KR534591,GIN,Coyah,2014-10-07
483,EBOV,1331,KR534548,GIN,Kerouane,2014-10-07
484,EBOV,1333,KR534549,GIN,Coyah,2014-10-07
485,EBOV,1339,KR534550,GIN,Coyah,2014-10-08
486,EBOV,1340,KR534551,GIN,Conakry,2014-10-08
487,EBOV,1341,,GIN,Coyah,2014-10-08
488,EBOV,1342,KR534552,GIN,Conakry,2014-10-08
489,EBOV,1355,KR534553,GIN,Coyah,2014-10-09
490,EBOV,1365,KR534554,GIN,Forecariah,2014-10-09
491,EBOV,1371,KR534555,GIN,Conakry,2014-10-10
492,EBOV,1374,KR534556,GIN,Coyah,2014-10-10
493,EBOV,1394,KR534557,GIN,Coyah,2014-10-11
494,EBOV,1436,KR534558,GIN,Coyah,2014-10-13
495,EBOV,1445,KR534559,GIN,Conakry,2014-10-14
496,EBOV,1454,KR534560,GIN,Conakry,2014-10-14
497,EBOV,1480,KR534561,GIN,Conakry,2014-10-15
498,EBOV,1481,KR534575,GIN,Conakry,2014-10-15
499,EBOV,1491,KR534576,GIN,Conakry,2014-10-16
500,EBOV,1551,KR534562,GIN,Conakry,2014-10-18
501,EBOV,1561,KR534563,GIN,Conakry,2014-10-19
502,EBOV,1567,KR534564,GIN,Forecariah,2014-10-18
503,EBOV,1568,KR534565,GIN,Forecariah,2014-10-18
504,EBOV,1571,KR534566,GIN,Forecariah,2014-10-20
505,EBOV,1622,KR534567,GIN,Nzerekore,2014-10-22
506,EBOV,1623,KR534568,GIN,Forecariah,2014-10-24
507,EBOV,1648,KR534569,GIN,Kindia,2014-10-23
508,EBOV,1651,KR534570,GIN,Conakry,2014-10-24
509,EBOV,1652,KR534571,GIN,Coyah,2014-10-24
510,EBOV,1686,KR534572,GIN,Coyah,2014-10-24
511,EBOV,1689,KR534573,GIN,Coyah,2014-10-25
512,EBOV,1690,KR534574,GIN,Coyah,2014-10-25
513,EBOV,505,KR534507,GIN,Conakry,2014-07-24
514,EBOV,507,KR534586,GIN,Conakry,2014-07-24
515,EBOV,509,KR534508,GIN,Conakry,2014-07-24
516,EBOV,517,KR534509,GIN,Siguiri,2014-07-24
517,EBOV,531,KR534510,GIN,Kouroussa,2014-07-27
518,EBOV,573,KR534511,GIN,Conakry,2014-08-02
519,EBOV,653,KR534514,GIN,Conakry,2014-08-15
520,EBOV,657,KR534515,GIN,Conakry,2014-08-16
521,EBOV,678,KR534516,GIN,Conakry,2014-08-19
522,EBOV,684,KR534517,GIN,Conakry,2014-08-20
523,EBOV,691,KR534518,GIN,Conakry,2014-08-21
524,EBOV,701,KR534519,GIN,Conakry,2014-08-22
525,EBOV,740,KR534520,GIN,Conakry,2014-08-26
526,EBOV,742,KR534587,GIN,Conakry,2014-08-26
527,EBOV,768,KR534588,GIN,Conakry,2014-08-27
528,EBOV,786,KR534521,GIN,Conakry,2014-08-28
529,EBOV,787,KR534522,GIN,Conakry,2014-08-28
530,EBOV,789,KR534523,GIN,Dubreka,2014-08-29
531,EBOV,955,KR534524,GIN,Coyah,2014-09-11
532,EBOV,976,KR534525,GIN,Conakry,2014-09-14
533,EBOV,989,KR534526,GIN,Forecariah,2014-09-15
534,EBOV,Conakry_633,KR534512,GIN,Gueckedou,2014-08-12
535,EBOV,Conakry_645,KR534513,GIN,Macenta,2014-08-14
536,EBOV,Makona-Mali-DPR1,KP260799,GIN,?,2014-10-23
537,EBOV,Makona-Mali-DPR2,KP260800,GIN,?,2014-11-12
538,EBOV,Makona-UK2,KP658432,SLE,WesternArea,2014-12-29
540,EBOV,Makona-UK1.1,KP184503,SLE,Kenema,2014-08-25
541,EBOV,J0001,KP759636,SLE,WesternRural,2014-09-27
542,EBOV,J0002,KP759640,SLE,WesternUrban,2014-09-27
543,EBOV,J0003,KP759651,SLE,PortLoko,2014-09-28
544,EBOV,J0004,KP759668,SLE,WesternRural,2014-09-28
545,EBOV,J0005,KP759628,SLE,WesternRural,2014-09-26
546,EBOV,J0006,KP759630,SLE,WesternRural,2014-09-28
547,EBOV,J0007,KP759631,SLE,WesternRural,2014-09-27
548,EBOV,J0008,KP759718,SLE,WesternUrban,2014-09-29
549,EBOV,J0009,KP759734,SLE,PortLoko,2014-09-28
550,EBOV,J0010,KP759639,SLE,PortLoko,2014-09-28
551,EBOV,J0011,KP759641,SLE,PortLoko,2014-09-29
552,EBOV,J0012,KP759642,SLE,PortLoko,2014-09-29
553,EBOV,J0013,KP759643,SLE,PortLoko,2014-09-28
554,EBOV,J0014,KP759740,SLE,PortLoko,2014-09-29
555,EBOV,J0015,KP759741,SLE,Bombali,2014-09-26
556,EBOV,J0016,KP759742,SLE,WesternRural,2014-09-30
557,EBOV,J0017,KP759747,SLE,Bombali,2014-09-26
558,EBOV,J0018,KP759644,SLE,WesternRural,2014-09-30
559,EBOV,J0019,KP759754,SLE,Bombali,2014-09-25
560,EBOV,J0020,KP759755,SLE,Bombali,2014-09-25
561,EBOV,J0021,KP759756,SLE,Bombali,2014-09-29
562,EBOV,J0022,KP759757,SLE,Bombali,2014-09-25
563,EBOV,J0023,KP759652,SLE,WesternRural,2014-10-01
564,EBOV,J0024,KP759663,SLE,WesternRural,2014-09-29
565,EBOV,J0025,KP759666,SLE,WesternRural,2014-10-02
566,EBOV,J0026,KP759670,SLE,Bombali,2014-10-02
567,EBOV,J0027,KP759678,SLE,Bombali,2014-10-02
568,EBOV,J0028,KP759683,SLE,Bombali,2014-10-02
569,EBOV,J0029,KP759688,SLE,PortLoko,2014-09-29
570,EBOV,J0030,KP759606,SLE,PortLoko,2014-10-03
571,EBOV,J0031,KP759607,SLE,PortLoko,2014-10-03
572,EBOV,J0032,KP759691,SLE,PortLoko,2014-09-30
573,EBOV,J0033,KP759692,SLE,PortLoko,2014-10-03
574,EBOV,J0034,KP759608,SLE,PortLoko,2014-09-30
575,EBOV,J0035,KP759609,SLE,PortLoko,2014-10-01
576,EBOV,J0036,KP759694,SLE,PortLoko,2014-10-03
577,EBOV,J0037,KP759615,SLE,PortLoko,2014-10-03
578,EBOV,J0038,KP759618,SLE,PortLoko,2014-09-30
579,EBOV,J0039,KP759620,SLE,PortLoko,2014-10-03
580,EBOV,J0040,KP759629,SLE,WesternArea,2014-10-04
581,EBOV,J0041,KP759710,SLE,WesternArea,2014-10-04
582,EBOV,J0042,KP759711,SLE,WesternRural,2014-10-04
583,EBOV,J0043,KP759712,SLE,WesternArea,2014-10-04
584,EBOV,J0044,KP759713,SLE,WesternRural,2014-10-05
585,EBOV,J0045,KP759714,SLE,WesternUrban,2014-10-05
586,EBOV,J0046,KP759715,SLE,WesternRural,2014-10-07
587,EBOV,J0047,KP759632,SLE,WesternUrban,2014-10-05
588,EBOV,J0048,KP759716,SLE,WesternRural,2014-10-05
589,EBOV,J0049,KP759717,SLE,PortLoko,2014-10-07
590,EBOV,J0050,KP759719,SLE,WesternUrban,2014-10-05
591,EBOV,J0051,KP759633,SLE,WesternUrban,2014-10-07
592,EBOV,J0052,KP759720,SLE,WesternUrban,2014-10-08
593,EBOV,J0053,KP759721,SLE,WesternRural,2014-10-06
594,EBOV,J0054,KP759722,SLE,WesternRural,2014-10-06
595,EBOV,J0055,KP759723,SLE,PortLoko,2014-10-06
596,EBOV,J0056,KP759634,SLE,PortLoko,2014-10-08
597,EBOV,J0057,KP759635,SLE,PortLoko,2014-10-05
598,EBOV,J0058,KP759724,SLE,PortLoko,2014-10-08
599,EBOV,J0059,KP759725,SLE,WesternRural,2014-10-08
600,EBOV,J0060,KP759726,SLE,WesternUrban,2014-10-06
601,EBOV,J0061,KP759637,SLE,PortLoko,2014-10-10
602,EBOV,J0062,KP759727,SLE,PortLoko,2014-10-10
603,EBOV,J0063,KP759638,SLE,PortLoko,2014-10-10
604,EBOV,J0064,KP759728,SLE,WesternUrban,2014-10-09
605,EBOV,J0065,KP759729,SLE,WesternRural,2014-10-09
606,EBOV,J0066,KP759730,SLE,WesternArea,2014-10-10
607,EBOV,J0067,KP759731,SLE,PortLoko,2014-10-09
608,EBOV,J0068,KP759732,SLE,WesternRural,2014-10-09
609,EBOV,J0069,KP759733,SLE,WesternRural,2014-10-09
610,EBOV,J0070,KP759735,SLE,PortLoko,2014-10-09
611,EBOV,J0071,KP759736,SLE,PortLoko,2014-10-09
612,EBOV,J0072,KP759737,SLE,PortLoko,2014-10-09
613,EBOV,J0073,KP759738,SLE,PortLoko,2014-10-12
614,EBOV,J0074,KP759739,SLE,WesternRural,2014-10-13
615,EBOV,J0075,KP759743,SLE,WesternRural,2014-10-17
616,EBOV,J0076,KP759744,SLE,WesternRural,2014-10-17
617,EBOV,J0077,KP759745,SLE,WesternRural,2014-10-17
618,EBOV,J0078,KP759746,SLE,WesternUrban,2014-10-18
619,EBOV,J0079,KP759748,SLE,WesternRural,2014-10-16
620,EBOV,J0080,KP759749,SLE,PortLoko,2014-10-18
621,EBOV,J0081,KP759750,SLE,WesternRural,2014-10-16
622,EBOV,J0082,KP759751,SLE,WesternRural,2014-10-16
623,EBOV,J0083,KP759752,SLE,PortLoko,2014-10-18
624,EBOV,J0084,KP759753,SLE,PortLoko,2014-10-16
625,EBOV,J0085,KP759645,SLE,PortLoko,2014-10-17
626,EBOV,J0086,KP759646,SLE,WesternRural,2014-10-23
627,EBOV,J0087,KP759647,SLE,PortLoko,2014-10-23
628,EBOV,J0088,KP759648,SLE,PortLoko,2014-10-20
629,EBOV,J0089,KP759758,SLE,WesternArea,2014-10-23
630,EBOV,J0090,KP759649,SLE,WesternUrban,2014-10-23
631,EBOV,J0091,KP759759,SLE,WesternArea,2014-10-25
632,EBOV,J0092,KP759650,SLE,WesternRural,2014-10-25
633,EBOV,J0093,KP759760,SLE,WesternRural,2014-10-24
634,EBOV,J0094,KP759761,SLE,WesternRural,2014-10-27
635,EBOV,J0095,KP759653,SLE,WesternUrban,2014-10-27
636,EBOV,J0096,KP759654,SLE,WesternUrban,2014-10-27
637,EBOV,J0097,KP759762,SLE,WesternRural,2014-10-28
638,EBOV,J0098,KP759763,SLE,WesternRural,2014-10-28
639,EBOV,J0099,KP759764,SLE,Kambia,2014-10-28
640,EBOV,J0100,KP759655,SLE,Kambia,2014-10-26
641,EBOV,J0101,KP759656,SLE,PortLoko,2014-10-29
642,EBOV,J0102,KP759657,SLE,PortLoko,2014-10-27
643,EBOV,J0103,KP759658,SLE,PortLoko,2014-10-29
644,EBOV,J0104,KP759765,SLE,PortLoko,2014-10-29
645,EBOV,J0105,KP759766,SLE,PortLoko,2014-10-29
646,EBOV,J0106,KP759767,SLE,WesternRural,2014-10-28
647,EBOV,J0107,KP759768,SLE,WesternUrban,2014-10-29
648,EBOV,J0108,KP759659,SLE,WesternRural,2014-10-28
649,EBOV,J0109,KP759594,SLE,WesternUrban,2014-10-31
650,EBOV,J0110,KP759660,SLE,WesternUrban,2014-10-31
651,EBOV,J0111,KP759595,SLE,WesternUrban,2014-10-30
652,EBOV,J0112,KP759661,SLE,WesternArea,2014-10-31
653,EBOV,J0113,KP759662,SLE,WesternUrban,2014-10-30
654,EBOV,J0114,KP759596,SLE,PortLoko,2014-10-29
655,EBOV,J0115,KP759597,SLE,PortLoko,2014-10-29
656,EBOV,J0116,KP759664,SLE,WesternRural,2014-10-30
657,EBOV,J0117,KP759665,SLE,WesternRural,2014-10-31
658,EBOV,J0118,KP759598,SLE,WesternRural,2014-10-31
659,EBOV,J0119,KP759667,SLE,WesternUrban,2014-10-30
660,EBOV,J0120,KP759599,SLE,WesternRural,2014-10-30
661,EBOV,J0121,KP759669,SLE,WesternUrban,2014-10-29
662,EBOV,J0122,KP759671,SLE,WesternUrban,2014-10-29
663,EBOV,J0123,KP759672,SLE,WesternRural,2014-11-01
664,EBOV,J0124,KP759673,SLE,WesternArea,2014-11-02
665,EBOV,J0125,KP759674,SLE,WesternRural,2014-10-31
666,EBOV,J0126,KP759675,SLE,WesternRural,2014-10-31
667,EBOV,J0127,KP759676,SLE,WesternUrban,2014-10-30
668,EBOV,J0128,KP759677,SLE,WesternUrban,2014-10-31
669,EBOV,J0129,KP759600,SLE,WesternUrban,2014-11-02
670,EBOV,J0130,KP759679,SLE,PortLoko,2014-11-02
671,EBOV,J0131,KP759680,SLE,PortLoko,2014-10-30
672,EBOV,J0132,KP759601,SLE,WesternUrban,2014-11-02
673,EBOV,J0133,KP759681,SLE,WesternRural,2014-10-31
674,EBOV,J0134,KP759682,SLE,WesternRural,2014-10-31
675,EBOV,J0135,KP759602,SLE,WesternRural,2014-11-03
676,EBOV,J0136,KP759684,SLE,WesternRural,2014-11-01
677,EBOV,J0137,KP759685,SLE,WesternRural,2014-11-01
678,EBOV,J0138,KP759686,SLE,WesternUrban,2014-11-01
679,EBOV,J0139,KP759687,SLE,WesternUrban,2014-10-30
680,EBOV,J0140,KP759603,SLE,WesternRural,2014-10-30
681,EBOV,J0141,KP759689,SLE,WesternRural,2014-11-04
682,EBOV,J0142,KP759690,SLE,WesternUrban,2014-11-03
683,EBOV,J0143,KP759604,SLE,Kambia,2014-11-04
684,EBOV,J0144,KP759605,SLE,Kambia,2014-11-04
685,EBOV,J0145,KP759693,SLE,WesternRural,2014-11-06
686,EBOV,J0146,KP759610,SLE,WesternUrban,2014-11-07
687,EBOV,J0147,KP759611,SLE,WesternUrban,2014-11-07
688,EBOV,J0148,KP759612,SLE,WesternRural,2014-11-06
689,EBOV,J0149,KP759695,SLE,WesternUrban,2014-11-07
690,EBOV,J0150,KP759696,SLE,WesternUrban,2014-11-06
691,EBOV,J0151,KP759613,SLE,WesternRural,2014-11-07
692,EBOV,J0152,KP759614,SLE,WesternRural,2014-11-07
693,EBOV,J0153,KP759616,SLE,WesternRural,2014-11-07
694,EBOV,J0154,KP759617,SLE,WesternArea,2014-11-07
695,EBOV,J0155,KP759697,SLE,WesternArea,2014-11-07
696,EBOV,J0156,KP759698,SLE,WesternUrban,2014-11-07
697,EBOV,J0157,KP759699,SLE,WesternUrban,2014-11-06
698,EBOV,J0158,KP759700,SLE,WesternRural,2014-11-08
699,EBOV,J0159,KP759619,SLE,WesternRural,2014-11-05
700,EBOV,J0160,KP759621,SLE,WesternRural,2014-11-07
701,EBOV,J0161,KP759701,SLE,WesternUrban,2014-11-08
702,EBOV,J0162,KP759622,SLE,Kambia,2014-11-09
703,EBOV,J0163,KP759702,SLE,PortLoko,2014-11-08
704,EBOV,J0164,KP759623,SLE,WesternRural,2014-11-09
705,EBOV,J0165,KP759703,SLE,WesternUrban,2014-11-08
706,EBOV,J0166,KP759704,SLE,WesternUrban,2014-11-08
707,EBOV,J0167,KP759624,SLE,WesternUrban,2014-11-08
708,EBOV,J0168,KP759705,SLE,WesternArea,2014-11-11
709,EBOV,J0169,KP759706,SLE,WesternUrban,2014-11-09
710,EBOV,J0170,KP759625,SLE,WesternUrban,2014-11-10
711,EBOV,J0171,KP759707,SLE,WesternRural,2014-11-10
712,EBOV,J0172,KP759626,SLE,WesternRural,2014-11-11
713,EBOV,J0173,KP759627,SLE,WesternRural,2014-11-11
714,EBOV,J0174,KP759708,SLE,WesternArea,2014-11-11
715,EBOV,J0175,KP759709,SLE,WesternArea,2014-11-11
716,EBOV,CDC-NIH-1122,,LBR,Margibi,2014-09-16
717,EBOV,CDC-NIH-1650,,LBR,Margibi,2014-09-27
718,EBOV,CDC-NIH-2303,,LBR,Montserrado,2014-10-10
719,EBOV,CDC-NIH-2313,,LBR,Montserrado,2014-10-10
720,EBOV,CDC-NIH-257,,LBR,Montserrado,2014-08-27
721,EBOV,CDC-NIH-259,,LBR,Montserrado,2014-08-27
722,EBOV,CDC-NIH-261,,LBR,Montserrado,2014-08-27
723,EBOV,CDC-NIH-272,,LBR,Montserrado,2014-08-27
724,EBOV,CDC-NIH-2984,,LBR,Montserrado,2014-10-23
725,EBOV,CDC-NIH-3762,,LBR,Montserrado,2014-11-19
726,EBOV,CDC-NIH-3827,,LBR,Montserrado,2014-11-23
727,EBOV,CDC-NIH-3832,,LBR,GrandCapeMount,2014-11-23
728,EBOV,CDC-NIH-3871,,LBR,GrandBassa,2014-11-25
729,EBOV,CDC-NIH-3874,,LBR,Montserrado,2014-11-25
730,EBOV,CDC-NIH-3878,,LBR,Montserrado,2014-11-25
731,EBOV,CDC-NIH-595,,LBR,Montserrado,2014-09-04
732,EBOV,CDC-NIH-603,,LBR,Montserrado,2014-09-04
733,EBOV,CDC-NIH-683,,LBR,Montserrado,2014-09-06
734,EBOV,CDC-NIH-686,,LBR,Margibi,2014-09-06
735,EBOV,CDC-NIH-708,,LBR,Montserrado,2014-09-07
736,EBOV,CDC-NIH-710,,LBR,Montserrado,2014-09-07
737,EBOV,LIBR0008,KT725313,LBR,Montserrado,2014-10-31
738,EBOV,LIBR0058,KR006940,LBR,RiverCess,2014-11-05
739,EBOV,LIBR0059,KR006941,LBR,RiverCess,2014-11-05
740,EBOV,LIBR0063,KR006942,LBR,Montserrado,2014-11-06
741,EBOV,LIBR0067,KR006943,LBR,Bomi,2014-11-06
742,EBOV,LIBR0071,KT725303,LBR,GrandBassa,2014-11-06
743,EBOV,LIBR0073,KR006944,LBR,GrandBassa,2014-11-06
744,EBOV,LIBR0079,KT725274,LBR,Montserrado,2014-11-07
745,EBOV,LIBR0090,KR006945,LBR,Margibi,2014-11-08
746,EBOV,LIBR0092,KR006946,LBR,Montserrado,2014-11-08
747,EBOV,LIBR0093,KR006947,LBR,Montserrado,2014-11-08
748,EBOV,LIBR0112,KT725330,LBR,Montserrado,2014-11-10
749,EBOV,LIBR0114,KT725273,LBR,GrandBassa,2014-11-10
750,EBOV,LIBR0115,KT725254,LBR,GrandBassa,2014-11-10
751,EBOV,LIBR0116,KR006948,LBR,GrandBassa,2014-11-10
752,EBOV,LIBR0118,KT725291,LBR,Bomi,2014-11-10
753,EBOV,LIBR0157,KT725393,LBR,Gbarpolu,2014-11-13
754,EBOV,LIBR0159,KT725327,LBR,Montserrado,2014-11-13
755,EBOV,LIBR0160,KT725370,LBR,Montserrado,2014-11-13
756,EBOV,LIBR0168,KR006949,LBR,Bomi,2014-11-13
757,EBOV,LIBR0173,KR006950,LBR,Montserrado,2014-11-14
758,EBOV,LIBR0176,KR006951,LBR,Montserrado,2014-11-14
759,EBOV,LIBR0177,KT725279,LBR,Montserrado,2014-11-14
760,EBOV,LIBR0229,KT725333,LBR,GrandBassa,2014-11-17
761,EBOV,LIBR0279,KT725280,LBR,?,2014-11-22
762,EBOV,LIBR0284,KT725328,LBR,GrandCapeMount,2014-11-22
763,EBOV,LIBR0286,KR006952,LBR,GrandCapeMount,2014-11-22
764,EBOV,LIBR0333,KR006953,LBR,GrandCapeMount,2014-11-25
765,EBOV,LIBR0350,KT725342,LBR,Montserrado,2014-11-26
766,EBOV,LIBR0380,KT725290,LBR,Montserrado,2014-11-28
767,EBOV,LIBR0423,KR006954,LBR,Montserrado,2014-12-03
768,EBOV,LIBR0430,KR006955,LBR,GrandBassa,2014-12-03
769,EBOV,LIBR0503,KR006956,LBR,Sinoe,2014-12-10
770,EBOV,LIBR0505,KR006957,LBR,Sinoe,2014-12-10
771,EBOV,LIBR0605,KR006958,LBR,Montserrado,2014-12-20
772,EBOV,LIBR0622,KT725288,LBR,Montserrado,2014-12-22
773,EBOV,LIBR0624,KR006959,LBR,Montserrado,2014-12-22
774,EBOV,LIBR0707,KT725366,LBR,Montserrado,2014-12-29
776,EBOV,LIBR10008,KT725316,LBR,?,2014-08-21
777,EBOV,LIBR10014,KT725390,LBR,Montserrado,2014-08-19
778,EBOV,LIBR10017,KT725293,LBR,Montserrado,2014-08-19
779,EBOV,LIBR10020,KT725292,LBR,?,2014-08-18
780,EBOV,LIBR10021,KT725335,LBR,?,2014-08-18
781,EBOV,LIBR10022,KT725378,LBR,?,2014-08-16
782,EBOV,LIBR10025,KT725315,LBR,Margibi,2014-08-16
783,EBOV,LIBR10026,KT725344,LBR,Margibi,2014-08-16
784,EBOV,LIBR10027,KT725294,LBR,?,2014-08-16
785,EBOV,LIBR10029,KT725348,LBR,Margibi,2014-08-16
786,EBOV,LIBR10030,KT725257,LBR,Margibi,2014-08-16
787,EBOV,LIBR10031,KT725278,LBR,Margibi,2014-08-16
788,EBOV,LIBR10032,KT725267,LBR,?,2014-08-16
789,EBOV,LIBR10033,KT725386,LBR,Nimba,2014-08-15
790,EBOV,LIBR10035,KT725259,LBR,GrandBassa,2014-08-15
791,EBOV,LIBR10036,KT725299,LBR,?,2014-08-10
792,EBOV,LIBR10037,KT725311,LBR,?,2014-08-10
793,EBOV,LIBR10040,KT725314,LBR,?,2014-08-04
794,EBOV,LIBR10042,KT725261,LBR,?,2014-08-04
795,EBOV,LIBR10047,KT725345,LBR,Margibi,2014-10-01
796,EBOV,LIBR10048,KT725361,LBR,?,2014-10-01
797,EBOV,LIBR10050,KT725270,LBR,?,2014-10-01
798,EBOV,LIBR10051,KT725368,LBR,?,2014-10-01
799,EBOV,LIBR10052,KT725258,LBR,?,2014-10-01
800,EBOV,LIBR10053,KR006963,LBR,?,2014-10-01
801,EBOV,LIBR10054,KR006964,LBR,Bomi,2014-09-23
802,EBOV,LIBR10055,KT725340,LBR,Bomi,2014-09-23
803,EBOV,LIBR10056,KT725276,LBR,Margibi,2014-09-23
804,EBOV,LIBR10060,KT725357,LBR,Montserrado,2014-09-23
805,EBOV,LIBR10061,KT725376,LBR,Montserrado,2014-09-23
806,EBOV,LIBR10062,KT725359,LBR,?,2014-09-23
807,EBOV,LIBR10065,KT725298,LBR,?,2014-09-21
808,EBOV,LIBR10066,KT725379,LBR,Montserrado,2014-09-20
809,EBOV,LIBR10071,KT725308,LBR,Montserrado,2014-09-20
810,EBOV,LIBR10072,KT725307,LBR,Montserrado,2014-09-20
811,EBOV,LIBR10074,KT725325,LBR,?,2014-09-20
812,EBOV,LIBR10076,KT725334,LBR,?,2014-09-20
813,EBOV,LIBR10077,KT725326,LBR,Margibi,2014-08-26
814,EBOV,LIBR10078,KT725297,LBR,GrandBassa,2014-08-26
815,EBOV,LIBR10079,KT725309,LBR,GrandBassa,2014-08-26
816,EBOV,LIBR10081,KT725339,LBR,Margibi,2014-08-26
817,EBOV,LIBR10082,KT725300,LBR,Margibi,2014-08-26
818,EBOV,LIBR10086,KT725381,LBR,Margibi,2014-08-26
819,EBOV,LIBR10087,KT725346,LBR,Margibi,2014-08-26
820,EBOV,LIBR10088,KT725349,LBR,Montserrado,2014-08-26
821,EBOV,LIBR10089,KT725377,LBR,?,2014-08-17
822,EBOV,LIBR10092,KT725380,LBR,?,2014-08-17
823,EBOV,LIBR10093,KT725363,LBR,Nimba,2014-08-17
824,EBOV,LIBR10098,KT725383,LBR,?,2014-08-17
825,EBOV,LIBR10100,KT725286,LBR,?,2014-08-22
826,EBOV,LIBR10101,KT725331,LBR,?,2014-08-22
827,EBOV,LIBR10103,KT725338,LBR,Nimba,2014-08-20
828,EBOV,LIBR10106,KT725337,LBR,Nimba,2014-08-20
829,EBOV,LIBR10110,KT725387,LBR,?,2014-08-20
830,EBOV,LIBR10112,KT725365,LBR,RiverGee,2014-08-20
831,EBOV,LIBR10113,KT725367,LBR,?,2014-08-20
832,EBOV,LIBR10118,KT725364,LBR,Montserrado,2014-08-24
833,EBOV,LIBR10127,KT725272,LBR,Bong,2014-08-22
834,EBOV,LIBR10128,KT725355,LBR,Montserrado,2014-08-30
835,EBOV,LIBR10130,KT725343,LBR,Montserrado,2014-09-01
836,EBOV,LIBR10132,KT725255,LBR,Margibi,2014-09-08
837,EBOV,LIBR10135,KT725260,LBR,?,2014-09-07
838,EBOV,LIBR10136,KT725263,LBR,?,2014-09-09
839,EBOV,LIBR10137,KT725385,LBR,?,2014-09-09
840,EBOV,LIBR10139,KT725265,LBR,?,2014-09-09
841,EBOV,LIBR10144,KT725271,LBR,?,2014-09-20
842,EBOV,LIBR10145,KT725362,LBR,?,2014-09-20
843,EBOV,LIBR10148,KT725295,LBR,Nimba,2014-09-20
844,EBOV,LIBR10151,KT725317,LBR,?,2014-09-09
845,EBOV,LIBR10154,KT725318,LBR,Montserrado,2014-09-13
846,EBOV,LIBR10155,KT725296,LBR,GrandBassa,2014-09-13
847,EBOV,LIBR10156,KT725352,LBR,GrandBassa,2014-09-13
848,EBOV,LIBR10168,KT725353,LBR,?,2014-09-20
849,EBOV,LIBR10169,KT725382,LBR,?,2014-08-24
850,EBOV,LIBR10170,KT725350,LBR,Montserrado,2014-08-17
851,EBOV,LIBR10172,KT725289,LBR,?,2014-09-01
852,EBOV,LIBR10179,KT725375,LBR,Montserrado,2014-10-11
853,EBOV,LIBR10180,KT725391,LBR,Montserrado,2014-10-11
854,EBOV,LIBR10187,KT725392,LBR,?,2014-08-19
855,EBOV,LIBR10195,KT725264,LBR,?,2014-08-26
856,EBOV,LIBR10196,KT725283,LBR,?,2014-08-26
857,EBOV,LIBR10201,KT725306,LBR,Montserrado,2014-08-27
858,EBOV,LIBR10202,KT725356,LBR,Montserrado,2014-08-27
859,EBOV,LIBR10204,KT725281,LBR,?,2014-08-27
860,EBOV,LIBR10205,KT725351,LBR,Montserrado,2014-09-19
861,EBOV,LIBR10208,KT725329,LBR,Montserrado,2014-09-19
862,EBOV,LIBR10209,KT725371,LBR,Montserrado,2014-09-19
863,EBOV,LIBR10210,KT725321,LBR,Montserrado,2014-09-19
864,EBOV,LIBR10212,KT725373,LBR,?,2014-09-19
865,EBOV,LIBR10217,KT725323,LBR,?,2014-09-29
866,EBOV,LIBR10218,KT725284,LBR,?,2014-09-29
867,EBOV,LIBR10222,KT725305,LBR,GrandBassa,2014-09-26
868,EBOV,LIBR10223,KT725301,LBR,Montserrado,2014-09-26
869,EBOV,LIBR10224,KT725302,LBR,Montserrado,2014-09-26
870,EBOV,LIBR10226,KT725304,LBR,Montserrado,2014-09-26
871,EBOV,LIBR10230,KT725354,LBR,Montserrado,2014-09-26
872,EBOV,LIBR10237,KT725275,LBR,?,2014-07-11
873,EBOV,LIBR10238,KT725322,LBR,?,2014-07-18
874,EBOV,LIBR10239,KT725324,LBR,?,2014-07-19
875,EBOV,LIBR10240,KT725320,LBR,?,2014-06-24
876,EBOV,LIBR10241,KT725262,LBR,?,2014-06-25
877,EBOV,LIBR10245,KT725332,LBR,?,2014-07-01
878,EBOV,LIBR10248,KT725277,LBR,?,2014-07-14
879,EBOV,LIBR10249,KT725388,LBR,?,2014-07-04
880,EBOV,LIBR10250,KT725360,LBR,?,2014-06-23
881,EBOV,LIBR10251,KT725319,LBR,GrandKru,2014-09-15
882,EBOV,LIBR10252,KT725266,LBR,GrandKru,2014-09-15
883,EBOV,LIBR10253,KT725282,LBR,Margibi,2014-09-16
884,EBOV,LIBR10254,KT725268,LBR,?,2014-10-02
885,EBOV,LIBR10255,KT725269,LBR,Bong,2014-10-02
886,EBOV,LIBR10261,KT725287,LBR,Sinoe,2014-10-14
887,EBOV,LIBR10262,KT725285,LBR,Montserrado,2014-10-16
888,EBOV,LIBR10265,KT725312,LBR,?,2014-10-18
889,EBOV,LIBR10267,KT725374,LBR,Montserrado,2014-10-05
890,EBOV,LIBR10270,KT725256,LBR,?,2014-08-26
891,EBOV,LIBR10271,KT725347,LBR,?,2014-08-26
892,EBOV,LIBR10277,KT725369,LBR,Margibi,2014-08-26
893,EBOV,LIBR10279,KT725341,LBR,Montserrado,2014-08-26
894,EBOV,LIBR10306,KT725336,LBR,?,2014-06-25
895,EBOV,LIBR10307,KT725310,LBR,Montserrado,2014-10-02
896,EBOV,LIBR11079,KT725372,LBR,Montserrado,2014-10-02
897,EBOV,LIBR11177,KT725358,LBR,Margibi,2014-10-05
901,EBOV,EM095,KM034550,SLE,Kailahun,2014-05-25
902,EBOV,EM096,KM034551,SLE,Kailahun,2014-05-26
903,EBOV,EM098,KM034552,SLE,Kailahun,2014-05-26
904,EBOV,EM104,KM233035,SLE,Kailahun,2014-06-02
905,EBOV,EM106,KM233036,SLE,Kailahun,2014-06-02
906,EBOV,EM110,KM233037,SLE,Kailahun,2014-06-03
907,EBOV,EM111,KM233038,SLE,Kailahun,2014-06-03
908,EBOV,EM112,KM233039,SLE,Kailahun,2014-06-03
909,EBOV,EM113,KM233040,SLE,Kailahun,2014-06-03
910,EBOV,EM115,KM233041,SLE,Kailahun,2014-06-03
911,EBOV,EM119,KM233042,SLE,Kailahun,2014-06-03
912,EBOV,EM120,KM233043,SLE,Kailahun,2014-06-03
913,EBOV,EM121,KM233044,SLE,Kailahun,2014-06-04
914,EBOV,EM124,KM233045,SLE,Kailahun,2014-06-04
915,EBOV,G3670,KM034553,SLE,Kailahun,2014-05-27
916,EBOV,G3676,KM034554,SLE,Kailahun,2014-05-27
917,EBOV,G3677,KM034556,SLE,Kailahun,2014-05-26
918,EBOV,G3679,KM034558,SLE,Kailahun,2014-05-28
919,EBOV,G3680,KM034559,SLE,Kailahun,2014-05-28
920,EBOV,G3682,KM034560,SLE,Kailahun,2014-05-28
921,EBOV,G3683,KM034561,SLE,Kailahun,2014-05-28
922,EBOV,G3686,KM034562,SLE,Kailahun,2014-05-28
923,EBOV,G3687,KM034563,SLE,Kailahun,2014-05-28
924,EBOV,G3707,KM233049,SLE,Kailahun,2014-05-31
925,EBOV,G3713,KM233050,SLE,Kailahun,2014-06-09
926,EBOV,G3724,KM233053,SLE,Kailahun,2014-06-05
927,EBOV,G3729,KM233054,SLE,Kailahun,2014-06-07
928,EBOV,G3734,KM233055,SLE,Kailahun,2014-06-07
929,EBOV,G3735,KM233056,SLE,Kailahun,2014-06-07
930,EBOV,G3750,KM233058,SLE,Kailahun,2014-06-10
931,EBOV,G3752,KM233061,SLE,Kailahun,2014-06-10
932,EBOV,G3758,KM233062,SLE,Kailahun,2014-06-11
933,EBOV,G3764,KM233063,SLE,?,2014-06-12
934,EBOV,G3765,KM233064,SLE,Kailahun,2014-06-14
935,EBOV,G3769,KM233065,SLE,Kailahun,2014-06-12
936,EBOV,G3770,KM233069,SLE,Kailahun,2014-06-12
937,EBOV,G3771,KM233071,SLE,Kailahun,2014-06-12
938,EBOV,G3782,KM233072,SLE,Kailahun,2014-06-14
939,EBOV,G3786,KM233073,SLE,Kailahun,2014-06-14
940,EBOV,G3787,KM233074,SLE,Kailahun,2014-06-14
941,EBOV,G3788,KM233075,SLE,Kailahun,2014-06-14
942,EBOV,G3789,KM233076,SLE,Kailahun,2014-06-14
943,EBOV,G3795,KM233077,SLE,Kailahun,2014-06-15
944,EBOV,G3796,KM233078,SLE,Kailahun,2014-06-15
945,EBOV,G3798,KM233079,SLE,Kailahun,2014-06-15
946,EBOV,G3799,KM233080,SLE,Kailahun,2014-06-15
947,EBOV,G3800,KM233081,SLE,Kailahun,2014-06-15
948,EBOV,G3805,KM233082,SLE,Kailahun,2014-06-15
949,EBOV,G3807,KM233084,SLE,Kailahun,2014-06-15
950,EBOV,G3808,KM233085,SLE,Kailahun,2014-06-15
951,EBOV,G3809,KM233086,SLE,Kailahun,2014-06-15
952,EBOV,G3810,KM233087,SLE,Kailahun,2014-06-15
953,EBOV,G3814,KM233089,SLE,Kailahun,2014-06-15
954,EBOV,G3816,KM233090,SLE,Kailahun,2014-06-15
955,EBOV,G3817,KM233091,SLE,Kailahun,2014-06-15
956,EBOV,G3818,KM233092,SLE,Kailahun,2014-06-15
957,EBOV,G3819,KM233093,SLE,Kailahun,2014-06-15
958,EBOV,G3820,KM233094,SLE,Kailahun,2014-06-15
959,EBOV,G3821,KM233095,SLE,Kailahun,2014-06-15
960,EBOV,G3822,KM233096,SLE,Kailahun,2014-06-15
961,EBOV,G3823,KM233097,SLE,Kailahun,2014-06-15
962,EBOV,G3825,KM233098,SLE,Kailahun,2014-06-16
963,EBOV,G3826,KM233100,SLE,Kailahun,2014-06-16
964,EBOV,G3827,KM233101,SLE,Kailahun,2014-06-16
965,EBOV,G3829,KM233102,SLE,Kailahun,2014-06-16
966,EBOV,G3831,KM233103,SLE,Kailahun,2014-06-16
967,EBOV,G3834,KM233104,SLE,Kailahun,2014-06-17
968,EBOV,G3838,KM233105,SLE,Kailahun,2014-06-17
969,EBOV,G3840,KM233106,SLE,Kailahun,2014-06-17
970,EBOV,G3841,KM233107,SLE,Bo,2014-06-17
971,EBOV,G3845,KM233108,SLE,Kailahun,2014-06-18
972,EBOV,G3846,KM233109,SLE,Kailahun,2014-06-18
973,EBOV,G3848,KM233110,SLE,Kailahun,2014-06-18
974,EBOV,G3850,KM233111,SLE,Kailahun,2014-06-18
975,EBOV,G3851,KM233112,SLE,Kenema,2014-06-18
976,EBOV,G3856,KM233113,SLE,Kenema,2014-06-18
977,EBOV,G3857,KM233115,SLE,Kailahun,2014-06-18
978,EBOV,NM042,KM233116,SLE,Kambia,2014-06-04
979,EBOV,G3838.2,KR105200,SLE,Kailahun,2014-06-16
980,EBOV,G3845.2,KR105201,SLE,Kenema,2014-06-19
981,EBOV,G3851.2,KR105202,SLE,Kenema,2014-06-18
982,EBOV,G3855.2,KR105203,SLE,Kenema,2014-06-17
983,EBOV,G3886.1,KR105204,SLE,Kenema,2014-06-19
984,EBOV,G3889.1,KR105205,SLE,Kenema,2014-06-19
985,EBOV,G3913.1,KR105206,SLE,Kenema,2014-06-21
986,EBOV,G3917.1,KR105207,SLE,Kenema,2014-06-21
987,EBOV,G3926.2,KR105208,SLE,Kailahun,2014-06-22
988,EBOV,G3949.1,KR105209,SLE,?,2014-06-24
989,EBOV,G3950.1,KR105210,SLE,?,2014-06-24
990,EBOV,G3952.1,KR105211,SLE,Kailahun,2014-06-25
991,EBOV,G3972.1,KR105212,SLE,?,2014-06-24
992,EBOV,G4132.1,KR105213,SLE,Kenema,2014-07-05
993,EBOV,G4133.1,KR105214,SLE,Kailahun,2014-07-04
994,EBOV,G4151.1,KR105215,SLE,Kenema,2014-07-06
995,EBOV,G4190.1,KR105216,SLE,Kailahun,2014-07-07
996,EBOV,G4200.1,KR105217,SLE,Kenema,2014-07-08
997,EBOV,G4217.1,KR105218,SLE,Bo,2014-07-08
998,EBOV,G4221.1,KR105219,SLE,?,2014-07-09
999,EBOV,G4235.1,KR105220,SLE,Kailahun,2014-07-11
1000,EBOV,G4236.1,KR105221,SLE,Kailahun,2014-07-10
1001,EBOV,G4250.1,KR105222,SLE,Kailahun,2014-07-11
1002,EBOV,G4251.1,KR105223,SLE,Kailahun,2014-07-11
1003,EBOV,G4252.1,KR105224,SLE,Kailahun,2014-07-11
1004,EBOV,G4254.1,KR105225,SLE,Kailahun,2014-07-11
1005,EBOV,G4255.1,KR105226,SLE,Kailahun,2014-07-11
1006,EBOV,G4263.1,KR105227,SLE,Kenema,2014-07-11
1007,EBOV,G4264.1,KR105228,SLE,Kenema,2014-07-11
1008,EBOV,G4299.1,KR105229,SLE,Kailahun,2014-07-12
1009,EBOV,G4312.2,KR105230,SLE,PortLoko,2014-07-12
1010,EBOV,G4316.1,KR105231,SLE,Kenema,2014-07-13
1011,EBOV,G4323.2,KR105232,SLE,Kenema,2014-07-14
1012,EBOV,G4324.1,KR105233,SLE,Kenema,2014-07-14
1013,EBOV,G4325.1,KR105234,SLE,Kenema,2014-07-14
1014,EBOV,G4329.1,KR105235,SLE,Kailahun,2014-07-14
1015,EBOV,G4333.1,KR105236,SLE,Kailahun,2014-07-13
1016,EBOV,G4334.1,KR105237,SLE,Kenema,2014-07-14
1017,EBOV,G4337.1,KR105238,SLE,Kailahun,2014-07-14
1018,EBOV,G4345.1,KR105239,SLE,Kenema,2014-07-18
1019,EBOV,G4347.1,KR105240,SLE,Kenema,2014-07-15
1020,EBOV,G4348.1,KR105241,SLE,Kenema,2014-07-09
1021,EBOV,G4350.1,KR105242,SLE,Kenema,2014-07-14
1022,EBOV,G4380.1,KR105243,SLE,Kenema,2014-07-15
1023,EBOV,G4382.1,KR105244,SLE,Kenema,2014-07-16
1024,EBOV,G4389.1,KR105245,SLE,Kenema,2014-07-16
1025,EBOV,G4406.1,KR105246,SLE,Kono,2014-07-18
1026,EBOV,G4415.1,KR105247,SLE,Kenema,2014-07-18
1027,EBOV,G4416.1,KR105248,SLE,Bo,2014-07-18
1028,EBOV,G4419.1,KR105249,SLE,Kenema,2014-07-19
1029,EBOV,G4422.1,KR105250,SLE,Kenema,2014-07-19
1030,EBOV,G4423.1,KR105251,SLE,Kailahun,2014-07-19
1031,EBOV,G4424.1,KR105252,SLE,Kailahun,2014-07-19
1032,EBOV,G4431.1,KR105253,SLE,Bo,2014-07-20
1033,EBOV,G4433.1,KR105254,SLE,Kailahun,2014-07-20
1034,EBOV,G4437.1,KR105255,SLE,Kenema,2014-07-20
1035,EBOV,G4445.1,KR105256,SLE,Kenema,2014-07-21
1036,EBOV,G4450.1,KR105257,SLE,Kenema,2014-07-21
1037,EBOV,G4454.1,KR105258,SLE,Kailahun,2014-07-21
1038,EBOV,G4465.1,KR105259,SLE,Kenema,2014-08-05
1039,EBOV,G4466.1,KR105260,SLE,Bo,2014-07-22
1040,EBOV,G4527.2,KR105261,SLE,Kenema,2014-07-26
1041,EBOV,G4683.1,KR105262,SLE,?,2014-08-01
1042,EBOV,G4698.1,KR105263,SLE,Kenema,2014-08-03
1043,EBOV,G4701.1,KR105264,SLE,Kenema,2014-08-03
1044,EBOV,G4702.1,KR105265,SLE,Kenema,2014-08-03
1045,EBOV,G4717.1,KR105266,SLE,Kenema,2014-08-04
1046,EBOV,G4725.1,KR105267,SLE,Moyamba,2014-08-04
1047,EBOV,G4730.1,KR105268,SLE,Kenema,2014-08-05
1048,EBOV,G4736.1,KR105269,SLE,Kenema,2014-08-05
1049,EBOV,G4748.1,KR105270,SLE,?,2014-08-05
1050,EBOV,G4751.1,KR105271,SLE,?,2014-08-05
1051,EBOV,G4837.1,KR105272,SLE,Kenema,2014-08-09
1052,EBOV,G4856.1,KR105273,SLE,Kenema,2014-08-10
1053,EBOV,G4861.1,KR105274,SLE,?,2014-08-10
1054,EBOV,G4868.1,KR105275,SLE,?,2014-08-10
1055,EBOV,G4886.1,KR105276,SLE,Kenema,2014-08-11
1056,EBOV,G4907.1,KR105277,SLE,Kenema,2014-08-12
1057,EBOV,G4937.1,KR105278,SLE,Kenema,2014-08-13
1058,EBOV,G4942.1,KR105279,SLE,Moyamba,2014-08-12
1059,EBOV,G4946.1,KR105280,SLE,Kenema,2014-08-13
1060,EBOV,G4955.1,KR105281,SLE,?,2014-08-13
1061,EBOV,G4956.1,KR105282,SLE,Tonkolili,2014-08-13
1062,EBOV,G4960.1,KR105283,SLE,Kenema,2014-08-14
1063,EBOV,G4971.1,KR105284,SLE,Kenema,2014-08-14
1064,EBOV,G4972.1,KR105285,SLE,Kenema,2014-08-14
1065,EBOV,G4973.1,KR105286,SLE,?,2014-08-12
1066,EBOV,G4981.1,KR105287,SLE,?,2014-08-14
1067,EBOV,G4982.1,KR105288,SLE,?,2014-08-14
1068,EBOV,G4994.1,KR105289,SLE,?,2014-08-15
1069,EBOV,G4996.1,KR105290,SLE,?,2014-08-15
1070,EBOV,G4999.1,KR105291,SLE,Kenema,2014-08-15
1071,EBOV,G5012.3,KR105292,SLE,WesternArea,2014-08-15
1072,EBOV,G5016.1,KR105293,SLE,Kenema,2014-08-16
1073,EBOV,G5019.1,KR105294,SLE,Kenema,2014-08-16
1074,EBOV,G5039.1,KR105295,SLE,Kenema,2014-08-17
1075,EBOV,G5059.1,KR105296,SLE,Kenema,2014-08-18
1076,EBOV,G5064.1,KR105297,SLE,Moyamba,2014-08-17
1077,EBOV,G5112.1,KR105298,SLE,Kenema,2014-08-19
1078,EBOV,G5114.1,KR105299,SLE,Pujehun,2014-08-18
1079,EBOV,G5119.1,KR105300,SLE,Kenema,2014-08-24
1080,EBOV,G5244.1,KR105301,SLE,?,2014-08-22
1081,EBOV,G5295.1,KR105302,SLE,?,2014-08-25
1082,EBOV,G5296.1,KR105303,SLE,?,2014-08-25
1083,EBOV,G5304.1,KR105304,SLE,?,2014-08-28
1084,EBOV,G5364.1,KR105305,SLE,?,2014-08-28
1085,EBOV,G5370.1,KR105306,SLE,Kenema,2014-08-28
1086,EBOV,G5516.1,KR105307,SLE,Moyamba,2014-09-04
1087,EBOV,G5520.1,KR105308,SLE,Kenema,2014-09-05
1088,EBOV,G5529.1,KR105309,SLE,Kono,2014-09-05
1089,EBOV,G5570.1,KR105310,SLE,Kenema,2014-09-08
1090,EBOV,G5571.1,KR105311,SLE,Kenema,2014-09-08
1091,EBOV,G5617.1,KR105312,SLE,Kenema,2014-09-10
1092,EBOV,G5640.1,KR105313,SLE,?,2014-09-11
1093,EBOV,G5644.1,KR105314,SLE,?,2014-09-11
1094,EBOV,G5647.1,KR105315,SLE,?,2014-09-11
1095,EBOV,G5684.1,KR105316,SLE,Kenema,2014-09-13
1096,EBOV,G5685.1,KR105317,SLE,Kenema,2014-09-13
1097,EBOV,G5691.1,KR105318,SLE,Kenema,2014-09-14
1098,EBOV,G5723.1,KR105319,SLE,Bonthe,2014-09-15
1099,EBOV,G5731.1,KR105320,SLE,Moyamba,2014-09-16
1100,EBOV,G5737.1,KR105321,SLE,Moyamba,2014-09-16
1101,EBOV,G5738.1,KR105322,SLE,Moyamba,2014-09-15
1102,EBOV,G5743.1,KR105323,SLE,Kono,2014-09-17
1103,EBOV,G5756.1,KR105324,SLE,?,2014-09-18
1104,EBOV,G5763.1,KR105325,SLE,Moyamba,2014-09-16
1105,EBOV,G5765.1,KR105326,SLE,Moyamba,2014-09-16
1106,EBOV,G5767.1,KR105327,SLE,?,2014-09-16
1107,EBOV,G5844.1,KR105328,SLE,Moyamba,2014-09-21
1108,EBOV,G5853.1,KR105329,SLE,Moyamba,2014-09-21
1109,EBOV,G5879.1,KR105330,SLE,Pujehun,2014-09-22
1110,EBOV,G5898.1,KR105331,SLE,Bo,2014-09-22
1111,EBOV,G5982.1,KR105332,SLE,?,2014-09-25
1112,EBOV,G5983.1,KR105333,SLE,?,2014-09-25
1113,EBOV,G5985.1,KR105334,SLE,?,2014-09-25
1114,EBOV,G5986.1,KR105335,SLE,?,2014-09-25
1115,EBOV,G5988.1,KR105336,SLE,?,2014-09-25
1116,EBOV,G5996.1,KR105337,SLE,?,2014-09-25
1117,EBOV,G5997.1,KR105338,SLE,?,2014-09-25
1118,EBOV,G5998.1,KR105339,SLE,?,2014-09-25
1119,EBOV,G6012.1,KR105340,SLE,?,2014-09-25
1120,EBOV,G6020.1,KR105341,SLE,?,2014-09-25
1121,EBOV,G6060.1,KR105342,SLE,Pujehun,2014-09-25
1122,EBOV,G6062.1,KR105343,SLE,Pujehun,2014-09-25
1123,EBOV,G6069.1,KR105344,SLE,Kambia,2014-09-25
1124,EBOV,G6089.1,KR105345,SLE,Tonkolili,2014-09-27
1125,EBOV,G6091.1,KR105346,SLE,Tonkolili,2014-09-27
1126,EBOV,G6095.1,KR105347,SLE,Tonkolili,2014-09-27
1127,EBOV,G6103.1,KR105348,SLE,Moyamba,2014-09-28
1128,EBOV,G6104.1,KR105349,SLE,Moyamba,2014-09-28
1142,EBOV,77525_EMLK,KU296820,SLE,,2014-12-30
1143,EBOV,77529_EMLK,KU296477,SLE,,2014-12-30
1179,EBOV,77524_EMLK,KU296368,SLE,,2014-12-30
1180,EBOV,77526_EMLK,KU296824,SLE,,2014-12-30
1181,EBOV,MK0367,KU296770,SLE,Bombali,2014-12-21
1182,EBOV,MK0369,KU296413,SLE,Bombali,2014-12-21
1183,EBOV,MK0375,KU296606,SLE,Bombali,2014-12-22
1184,EBOV,MK0379,KU296480,SLE,Bombali,2014-12-22
1185,EBOV,MK0384,KU296628,SLE,Bombali,2014-12-22
1186,EBOV,MK0388,KU296630,SLE,Bombali,2014-12-22
1187,EBOV,MK0425,KU296379,SLE,Bombali,2014-12-23
1188,EBOV,MK0431,KU296621,SLE,Bombali,2014-12-23
1189,EBOV,MK0433,KU296845,SLE,Bombali,2014-12-23
1190,EBOV,MK0434,KU296554,SLE,Bombali,2014-12-23
1191,EBOV,MK0491,KU296510,SLE,Bombali,2014-12-23
1192,EBOV,MK0531,KU296448,SLE,Bombali,2014-12-26
1193,EBOV,MK0533,KU296436,SLE,?,2014-12-26
1194,EBOV,MK0549,KU296825,SLE,Bombali,2014-12-27
1195,EBOV,MK0592,KU296814,SLE,Bombali,2014-12-28
1196,EBOV,MK0607,KU296335,SLE,?,2014-12-28
1197,EBOV,MK0704,KU296663,SLE,Bombali,2014-12-31
1228,EBOV,MK0020,KU296551,SLE,Bombali,2014-12-08
1229,EBOV,MK0024,KU296705,SLE,Bombali,2014-12-08
1230,EBOV,MK0085,KU296738,SLE,Bombali,2014-12-10
1231,EBOV,MK0664,KU296761,SLE,?,2014-12-30
1295,EBOV,MK0045,KU296776,SLE,Bombali,2014-12-09
1378,EBOV,MK0363,KU296545,SLE,?,2014-12-21
1379,EBOV,MK0393,KU296496,SLE,?,2014-12-22
1380,EBOV,MK0464,KU296835,SLE,?,2014-12-24
1381,EBOV,MK0551,KU296717,SLE,?,2014-12-27
1382,EBOV,MK0574,KU296332,SLE,?,2014-12-28
1383,EBOV,MK0575,KU296681,SLE,?,2014-12-28
1384,EBOV,MK0584,KU296339,SLE,Bombali,2014-12-28
1385,EBOV,MK0709,KU296373,SLE,Tonkolili,2014-12-31
1419,EBOV,KT2315,KU296812,SLE,PortLoko,2014-12-02
1420,EBOV,KT2316,KU296774,SLE,PortLoko,2014-12-02
1421,EBOV,KT2317,KU296735,SLE,PortLoko,2014-12-02
1422,EBOV,KT2321,KU296762,SLE,PortLoko,2014-12-02
1423,EBOV,KT2449,KU296465,SLE,WesternUrban,2014-12-05
1424,EBOV,KT2641,KU296709,SLE,?,2014-12-12
1425,EBOV,KT2669,KU296726,SLE,?,2014-12-13
1426,EBOV,KT2810,KU296778,SLE,?,2014-12-16
1464,EBOV,MK0364,KU296453,SLE,Bombali,2014-12-21
1465,EBOV,MK0365,KU296406,SLE,Bombali,2014-12-21
1466,EBOV,MK0366,KU296320,SLE,Bombali,2014-12-21
1467,EBOV,MK0368,KU296718,SLE,Bombali,2014-12-21
1468,EBOV,MK0390,KU296398,SLE,Bombali,2014-12-22
1469,EBOV,MK0392,KU296691,SLE,Bombali,2014-12-22
